{
 "poll_anchor": {
  "FdI": 28.3,
  "PD": 22.0,
  "M5S": 13.1,
  "FI": 7.0,
  "AVS": 6.5,
  "Lega": 5.6,
  "FN_Vannacci": 4.8,
  "Azione": 2.8,
  "IV": 2.4,
  "PiuEuropa": 1.7
 },
 "poll_source": "Media/SWG ~8 giu 2026 (da poll-tweet catturati)",
 "model": {
  "type": "linear poll~a+b*favshare",
  "a": 6.7332,
  "b": 0.319,
  "r2": 0.035,
  "parties": [
   "FdI",
   "PD",
   "M5S",
   "Lega",
   "FI",
   "Azione",
   "IV",
   "AVS",
   "FN_Vannacci"
  ]
 },
 "parties": {
  "FdI": {
   "fav_share": 16.920152091254753,
   "fav_share_ci": [
    13.88,
    20.15
   ],
   "poll": 28.3,
   "calib": 12.130935364663227,
   "bias_gap": -11.379847908745248,
   "net": -0.41239316239316237,
   "net_ci": [
    -0.483,
    -0.338
   ],
   "support_ratio": 0.2398921832884097,
   "ew_net": -0.46254543721049035,
   "authors": 468,
   "favA": 89,
   "ostA": 282,
   "neuA": 97
  },
  "PD": {
   "fav_share": 8.935361216730039,
   "fav_share_ci": [
    6.46,
    11.41
   ],
   "poll": 22.0,
   "calib": 9.58368602705341,
   "bias_gap": -13.064638783269961,
   "net": -0.6288532675709001,
   "net_ci": [
    -0.674,
    -0.588
   ],
   "support_ratio": 0.07781456953642384,
   "ew_net": -0.5749427207856095,
   "authors": 811,
   "favA": 47,
   "ostA": 557,
   "neuA": 207
  },
  "M5S": {
   "fav_share": 10.26615969581749,
   "fav_share_ci": [
    7.6,
    12.93
   ],
   "poll": 13.1,
   "calib": 10.008227583321712,
   "bias_gap": -2.833840304182509,
   "net": -0.6997126436781609,
   "net_ci": [
    -0.744,
    -0.655
   ],
   "support_ratio": 0.0907563025210084,
   "ew_net": -0.5331096261437841,
   "authors": 696,
   "favA": 54,
   "ostA": 541,
   "neuA": 101
  },
  "Lega": {
   "fav_share": 13.11787072243346,
   "fav_share_ci": [
    10.27,
    16.16
   ],
   "poll": 5.6,
   "calib": 10.917959489610933,
   "bias_gap": 7.517870722433461,
   "net": -0.5766312594840668,
   "net_ci": [
    -0.628,
    -0.527
   ],
   "support_ratio": 0.13320463320463322,
   "ew_net": -0.4800648889395495,
   "authors": 659,
   "favA": 69,
   "ostA": 449,
   "neuA": 141
  },
  "FI": {
   "fav_share": 7.604562737642586,
   "fav_share_ci": [
    5.32,
    9.89
   ],
   "poll": 7.0,
   "calib": 9.159144470785108,
   "bias_gap": 0.6045627376425857,
   "net": -0.703757225433526,
   "net_ci": [
    -0.747,
    -0.66
   ],
   "support_ratio": 0.07054673721340388,
   "ew_net": -0.6252832167367224,
   "authors": 692,
   "favA": 40,
   "ostA": 527,
   "neuA": 125
  },
  "Azione": {
   "fav_share": 10.076045627376425,
   "fav_share_ci": [
    7.41,
    12.74
   ],
   "poll": 2.8,
   "calib": 9.947578789569098,
   "bias_gap": 7.276045627376425,
   "net": -0.6476063829787234,
   "net_ci": [
    -0.69,
    -0.604
   ],
   "support_ratio": 0.0893760539629005,
   "ew_net": -0.6348403521225154,
   "authors": 752,
   "favA": 53,
   "ostA": 540,
   "neuA": 159
  },
  "IV": {
   "fav_share": 10.64638783269962,
   "fav_share_ci": [
    8.17,
    13.5
   ],
   "poll": 2.4,
   "calib": 10.129525170826943,
   "bias_gap": 8.24638783269962,
   "net": -0.6248275862068966,
   "net_ci": [
    -0.668,
    -0.578
   ],
   "support_ratio": 0.09911504424778761,
   "ew_net": -0.48547413179528415,
   "authors": 725,
   "favA": 56,
   "ostA": 509,
   "neuA": 160
  },
  "AVS": {
   "fav_share": 1.9011406844106464,
   "fav_share_ci": [
    0.95,
    3.04
   ],
   "poll": 6.5,
   "calib": 7.3396806582066665,
   "bias_gap": -4.598859315589354,
   "net": -0.7337461300309598,
   "net_ci": [
    -0.786,
    -0.678
   ],
   "support_ratio": 0.038910505836575876,
   "ew_net": -0.7368065729169029,
   "authors": 323,
   "favA": 10,
   "ostA": 247,
   "neuA": 66
  },
  "FN_Vannacci": {
   "fav_share": 20.53231939163498,
   "fav_share_ci": [
    17.3,
    23.95
   ],
   "poll": 4.8,
   "calib": 13.283262445962906,
   "bias_gap": 15.73231939163498,
   "net": -0.25586854460093894,
   "net_ci": [
    -0.331,
    -0.178
   ],
   "support_ratio": 0.3323076923076923,
   "ew_net": -0.2390166501789044,
   "authors": 426,
   "favA": 108,
   "ostA": 217,
   "neuA": 101
  },
  "PiuEuropa": {
   "fav_share": 0.0,
   "fav_share_ci": [
    0.0,
    0.0
   ],
   "poll": 1.7,
   "calib": null,
   "bias_gap": -1.7,
   "net": -1.0,
   "net_ci": [
    -1.0,
    -1.0
   ],
   "support_ratio": 0.0,
   "ew_net": 0.0,
   "authors": 1,
   "favA": 0,
   "ostA": 1,
   "neuA": 0
  }
 }
}